指令名称,依赖链,前序审计哈希,回滚点ID,因果图索引,存储层级,审计状态,审计链哈希,归档时间,影响范围,执行时间,执行状态,指令ID,来源域,目标模块,签名哈希,载荷数据
数据库架构初始化指令,"[""NOTION-API-001"",""SCHEMA-VALIDATOR-001""]",sha256:0000000000000000000000000000000000000000000000000000000000000000,RB-SCHEMA-INIT-20260221-001,GRAPH-NODE-SCHEMA-INIT-001,热存储,🟢 通过,sha256:9622DBSCHEMA0000000000000000000000000000000000000000000000000001,2026年2月21日,"存储系统, 数据处理, 核心系统",2026年2月21日,已完成,DB-SCHEMA-INIT-20260221-001,独立执行域,资源调度,sha256:9622DB1A2B3C4D5E6F7A8B9C0D1E2F3A4B5C6D7E8F9A0B1C2D3E4F5A6B7C8D9E,"{""schema_version"":""v1.0"",""total_properties"":93,""views"":8,""relations"":4,""dna"":""#龍芯⚡️2026-02-21-LU-DATABASE-SCHEMA-v1.0""}"
三色审计系统注册激活,"[""AUDIT-ENGINE-001"",""HASH-CHAIN-001""]",sha256:9622DBSCHEMA0000000000000000000000000000000000000000000000000001,RB-TRI-COLOR-20260221-002,GRAPH-NODE-TRI-COLOR-002,热存储,🟢 通过,sha256:9622DB1A2B3C4D5E6F7A8B9C0D1E2F3A4B5C6D7E8F9A0B1C2D3E4F5A6B7C8D9E,2026年2月21日,"存储系统, 安全模块, 核心系统",2026年2月21日,已完成,TRI-COLOR-AUDIT-ACTIVATE-20260221-002,独立执行域,安全策略,sha256:9622DB2B3C4D5E6F7A8B9C0D1E2F3A4B5C6D7E8F9A0B1C2D3E4F5A6B7C8D9E0F,"{""audit_mode"":""强制三色审计"",""colors"":[""🟢通过"",""🟡警告"",""🔴拒绝""],""bypass_allowed"":false,""chain_hash"":true}"
量子神经网络架构部署,"[""QUANTUM-ENGINE-001"",""NEURAL-NET-001"",""ENTANGLE-MANAGER-001""]",sha256:9622DB1A2B3C4D5E6F7A8B9C0D1E2F3A4B5C6D7E8F9A0B1C2D3E4F5A6B7C8D9E,RB-QUANTUM-NEURAL-20260221-003,GRAPH-NODE-QUANTUM-NETWORK-003,热存储,🟢 通过,sha256:9622DB2B3C4D5E6F7A8B9C0D1E2F3A4B5C6D7E8F9A0B1C2D3E4F5A6B7C8D9E0F,2026年2月21日,"存储系统, 数据处理, 核心系统, 通信模块",2026年2月21日,执行中,QUANTUM-NEURAL-DEPLOY-20260221-003,独立执行域,记忆回收,sha256:9622DB3C4D5E6F7A8B9C0D1E2F3A4B5C6D7E8F9A0B1C2D3E4F5A6B7C8D9E0F1A,"{""network_type"":""量子神经网络"",""layers"":[""输入层"",""隐藏层"",""输出层""],""entanglement"":true,""feedback_loop"":true}"
多维度多位面执行引擎启动,"[""DIMENSION-ENGINE-001"",""PLANE-ROUTER-001"",""COORD-SYSTEM-001""]",sha256:9622DB2B3C4D5E6F7A8B9C0D1E2F3A4B5C6D7E8F9A0B1C2D3E4F5A6B7C8D9E0F,RB-MULTI-DIM-20260221-004,GRAPH-NODE-MULTI-DIM-004,热存储,🟢 通过,sha256:9622DB3C4D5E6F7A8B9C0D1E2F3A4B5C6D7E8F9A0B1C2D3E4F5A6B7C8D9E0F1A,2026年2月21日,"导航定位, 数据处理, 核心系统, 通信模块",2026年2月21日,执行中,MULTI-DIM-PLANE-START-20260221-004,独立执行域,资源调度,sha256:9622DB4D5E6F7A8B9C0D1E2F3A4B5C6D7E8F9A0B1C2D3E4F5A6B7C8D9E0F1A2B,"{""dimensions"":[""1D"",""2D"",""3D"",""4D"",""5D"",""6D"",""7D"",""8D"",""9D"",""10D"",""11D"",""12D""],""planes"":[""物理"",""逻辑"",""数据"",""意识"",""量子"",""因果"",""时空"",""元宇宙""],""cross_ability"":true}"
因果图索引系统建立,"[""GRAPH-DB-001"",""INDEX-ENGINE-001"",""QUERY-OPTIMIZER-001""]",sha256:9622DB3C4D5E6F7A8B9C0D1E2F3A4B5C6D7E8F9A0B1C2D3E4F5A6B7C8D9E0F1A,RB-CAUSALITY-GRAPH-20260221-005,GRAPH-NODE-CAUSALITY-005,热存储,🟢 通过,sha256:9622DB4D5E6F7A8B9C0D1E2F3A4B5C6D7E8F9A0B1C2D3E4F5A6B7C8D9E0F1A2B,2026年2月21日,"存储系统, 数据处理, 核心系统",2026年2月21日,已完成,CAUSALITY-GRAPH-BUILD-20260221-005,独立执行域,记忆回收,sha256:9622DB5E6F7A8B9C0D1E2F3A4B5C6D7E8F9A0B1C2D3E4F5A6B7C8D9E0F1A2B3C,"{""graph_type"":""因果图"",""node_indexing"":true,""fast_query"":true,""impact_analysis"":""秒级"",""propagation_path"":true}"
冷热分层存储策略配置,"[""STORAGE-MANAGER-001"",""MIGRATION-ENGINE-001""]",sha256:9622DB4D5E6F7A8B9C0D1E2F3A4B5C6D7E8F9A0B1C2D3E4F5A6B7C8D9E0F1A2B,RB-STORAGE-TIER-20260219-006,GRAPH-NODE-STORAGE-TIER-006,温存储,🟢 通过,sha256:9622DB5E6F7A8B9C0D1E2F3A4B5C6D7E8F9A0B1C2D3E4F5A6B7C8D9E0F1A2B3C,2026年2月19日,"存储系统, 数据处理",2026年2月19日,已完成,STORAGE-TIER-CONFIG-20260219-006,独立执行域,资源调度,sha256:9622DB6F7A8B9C0D1E2F3A4B5C6D7E8F9A0B1C2D3E4F5A6B7C8D9E0F1A2B3C4D,"{""tiers"":[""热存储"",""温存储"",""冷存储"",""已归档""],""auto_migrate"":true,""threshold_days"":7,""archive_after"":30}"
DNA追溯系统永久记录启用,"[""DNA-REGISTRY-001"",""BLOCKCHAIN-001"",""IMMUTABLE-STORE-001""]",sha256:9622DB5E6F7A8B9C0D1E2F3A4B5C6D7E8F9A0B1C2D3E4F5A6B7C8D9E0F1A2B3C,RB-DNA-TRACE-20260221-007,GRAPH-NODE-DNA-TRACE-007,热存储,🟢 通过,sha256:9622DB6F7A8B9C0D1E2F3A4B5C6D7E8F9A0B1C2D3E4F5A6B7C8D9E0F1A2B3C4D,2026年2月21日,"存储系统, 安全模块, 数据处理, 核心系统",2026年2月21日,已完成,DNA-TRACE-PERMANENT-20260221-007,独立执行域,安全策略,sha256:9622DB7A8B9C0D1E2F3A4B5C6D7E8F9A0B1C2D3E4F5A6B7C8D9E0F1A2B3C4D5E,"{""dna_format"":""#龍魂⚡️日期-模块-版本"",""immutable"":true,""blockchain_backed"":true,""永久记录"":true}"
可证明回滚机制部署,"[""ROLLBACK-ENGINE-001"",""PROOF-GEN-001"",""STATE-MANAGER-001""]",sha256:9622DB6F7A8B9C0D1E2F3A4B5C6D7E8F9A0B1C2D3E4F5A6B7C8D9E0F1A2B3C4D,RB-ROLLBACK-PROOF-20260221-008,GRAPH-NODE-ROLLBACK-PROOF-008,热存储,🟢 通过,sha256:9622DB7A8B9C0D1E2F3A4B5C6D7E8F9A0B1C2D3E4F5A6B7C8D9E0F1A2B3C4D5E,2026年2月21日,"存储系统, 安全模块, 核心系统",2026年2月21日,已完成,ROLLBACK-PROOF-DEPLOY-20260221-008,独立执行域,安全策略,sha256:9622DB8B9C0D1E2F3A4B5C6D7E8F9A0B1C2D3E4F5A6B7C8D9E0F1A2B3C4D5E6F,"{""rollback_type"":""可证明回滚"",""proof_method"":""密码学证明"",""state_snapshot"":true,""integrity_check"":true}"
自动翻译兼容系统激活,"[""TRANSLATE-ENGINE-001"",""PARSER-001"",""SYNTAX-ANALYZER-001""]",sha256:9622DB7A8B9C0D1E2F3A4B5C6D7E8F9A0B1C2D3E4F5A6B7C8D9E0F1A2B3C4D5E,RB-AUTO-TRANSLATE-20260221-009,GRAPH-NODE-AUTO-TRANSLATE-009,热存储,🟢 通过,sha256:9622DB8B9C0D1E2F3A4B5C6D7E8F9A0B1C2D3E4F5A6B7C8D9E0F1A2B3C4D5E6F,2026年2月21日,"数据处理, 核心系统, 用户界面",2026年2月21日,已完成,AUTO-TRANSLATE-ACTIVATE-20260221-009,独立执行域,字体引擎,sha256:9622DB9C0D1E2F3A4B5C6D7E8F9A0B1C2D3E4F5A6B7C8D9E0F1A2B3C4D5E6F7A,"{""languages"":[""CNSH中文"",""English"",""混合""],""auto_detect"":true,""variable_slot_recognition"":true,""cross_syntax"":true}"
龍魂精神核心价值观注入,"[""VALUE-SYSTEM-001"",""ETHICS-ENGINE-001"",""SPIRIT-CORE-001""]",sha256:9622DB8B9C0D1E2F3A4B5C6D7E8F9A0B1C2D3E4F5A6B7C8D9E0F1A2B3C4D5E6F,RB-LONGHUN-SPIRIT-20260221-010,GRAPH-NODE-LONGHUN-SPIRIT-010,热存储,🟢 通过,sha256:9622DB9C0D1E2F3A4B5C6D7E8F9A0B1C2D3E4F5A6B7C8D9E0F1A2B3C4D5E6F7A,2026年2月21日,"存储系统, 安全模块, 数据处理, 核心系统, 用户界面",2026年2月21日,已完成,LONGHUN-SPIRIT-INJECT-20260221-010,独立执行域,日志系统,sha256:9622DB0D1E2F3A4B5C6D7E8F9A0B1C2D3E4F5A6B7C8D9E0F1A2B3C4D5E6F7A8B,"{""values"":[""为人民服务"",""站着不跪"",""数字主权"",""技术平权"",""老兵精神""],""service_score"":100,""standing_score"":100,""sovereignty_score"":100,""equity_score"":100}"