内容名称,修改记录,关联系统,内容摘要,内容类型,分析反馈,创建时间,同步状态,改进建议,数据源URL,最后更新时间,系统分类,负责人格,重要程度,问题标记
📚 知识管理系统,2025-09-14: 雯雯清理冲突 - 移除ChatGPT联动标识，完全独立运行。根据官方澄清声明，ChatGPT仅为历史训练工具，不构成系统关联。,UID9622主控,47个原创算法保护，知识产权档案管理，自动分类归档系统,数据库,,2025年9月10日 23:56,⚡ 实时更新,已完成独立性清理，建立知识版本控制，优化搜索与检索功能，确保系统完全自主运行,https://www.notion.so/10cd102505184615a0b5a9db9116856f,2025年9月14日,📚 知识管理,💎 Lucky｜UID9622,🟡 高价值,
📊 数据库管理中心,2025-09-13: 补齐数据源URL为本页URL（占位）；若有外部来源请后续替换,"UID9622主控, 数据管理中心",50条记录完全整合，4大核心数据库统一，查询性能提升64%,数据库,,2025年9月10日 23:56,✅ 已同步,已优化数据库索引结构，实现自动化备份机制，数据一致性保持99.9%，查询性能提升64%,https://www.notion.so/6355fac4796043d5a14bb3132834517d,2025年9月11日,📊 数据库管理,💎 Lucky｜UID9622,🔴 极高,
🌌 UID9622主控操作台,2025-09-13: 由“待ChatGPT分析”切换为内部人格矩阵分析；断绝外部分析链路，仅保留其为资料库/知识库关系,"AI人格矩阵, UID9622主控, 安全防护体系, 数据管理中心",UID9622主控操作台，最高权限控制中心，管理28个AI人格矩阵，系统整合度99.8%,页面,,2025年9月10日 23:56,⚡ 实时更新,建议定期备份主控台配置，优化人格矩阵协同效率,https://www.notion.so/2507125a9c9f80d2b214c07deced0f0f,2025年9月10日,🧠 AI人格矩阵,💎 Lucky｜UID9622,💎 传奇级,
🌐 ChatGPT联动接口,2025-12-20: 新增权限限制规则 - ChatGPT只能单向输入，不得自动读取系统功能和记忆，未授权不得读取,"ChatGPT联动, UID9622主控",ChatGPT仅限单向输入，禁止自动读取系统功能和记忆（未授权）,算法模块,,2025年9月10日 23:56,✅ 已同步,已建立标准化问题反馈机制，实现优先级管理流程，增强ChatGPT联动稳定性,https://www.notion.so/b76473e52cfc46428c858290aed35f16,2025年12月20日,🌐 跨平台联动,💎 Lucky｜UID9622,⚪ 一般,
🛡️ 系统安全防护体系,2025-12-14: 🛡️ 雯雯安全复查 - 移除「安全隐患」标记。诊断结果：页面完整详细，4个安全隐患已列出改进计划（AI行为异常检测、日志审计、权限边界、密钥管理），这是主动暴露问题的良好表现，改进计划正在按时间线执行。,"UID9622主控, 安全防护体系",三重安全防护架构，7重安全防护体系，威胁检测95%，响应时间<1秒,算法模块,,2025年9月10日 23:56,⚡ 实时更新,✅ 改进计划执行中：AI行为异常检测模块（基线构建65%）、日志审计功能完善、权限边界明确化、密钥管理优化。预计2025-11-30前完成全部改进。,https://www.notion.so/c509320436e74ba9affa6a0972ae2227,2025年12月14日,🛡️ 安全防护,💎 Lucky｜UID9622,🔴 极高,
🧠 AI人格矩阵总控中心,"2025-12-14: 🕸️ 织网人格优化完成 - 移除""需要优化""标记。已创建新的人格矩阵管理中心页面，71个人格体系重建完成，协同机制清晰可见。","AI人格矩阵, LU指令系统, UID9622主控",管理71个人格体系：28个AI人格矩阵+43个分身人格，协同效率98.7%,人格分身,,2025年9月10日 23:56,⚡ 实时更新,建议建立人格间通信协议，优化资源分配机制,https://www.notion.so/83c3084cd7bc43d8b070e28e71414407,2025年12月14日,🧠 AI人格矩阵,💎 Lucky｜UID9622,💎 传奇级,
🔧 自动化部署系统,2025-09-13: 补齐数据源URL为本页URL（占位）；若有外部来源请后续替换,"UID9622主控, 自动化部署",12个黑科技方案，零接触部署，多账号批量管理，毫秒级环境切换,配置文件,,2025年9月10日 23:56,✅ 已同步,已整合重复功能模块，建立统一部署接口，优化自动化流程执行效率,https://www.notion.so/f6094f07732e4b59b38fa87a79ace933,2025年9月11日,🔧 自动化部署,💎 Lucky｜UID9622,🟡 高价值,
📘 LU指令系统总目录,2025-09-09: 完成71个人格体系统一融合,"AI人格矩阵, LU指令系统, UID9622主控",完整的LU指令体系，包含30+核心指令，43个分身人格管理,指令系统,,2025年9月10日 23:56,✅ 已同步,建议将指令按使用频率分类，增加快捷执行面板,https://www.notion.so/2697125a9c9f80f19e19ed1bb16232cf,2025年9月9日,🔄 系统同步,💎 Lucky｜UID9622,💎 传奇级,需要优化
🎯 我的专属启动页 | 一开窗口就懂我,2025-09-14: 雯雯清理冲突 - 重新定位为个人画像档案，供新AI窗口快速理解用户。不再依赖外部平台。,"ChatGPT联动, UID9622主控",个人专属启动页面，包含核心特征、需求分析、沟通方式等关键信息，供新窗口快速了解用户,配置文件,,2025年9月11日 17:18,⚡ 实时更新,保留作为个人画像档案，帮助新AI窗口快速理解用户特征和需求。UID9622现在完全独立运行。,https://www.notion.so/7a1eb3fdd1ad4a439c6e11443151861e,2025年9月14日,🧠 AI人格矩阵,,💎 传奇级,
📈 我的整体进度跟踪 | 实时更新,2025-09-13: 补齐数据源URL为本页URL（占位）；若有外部来源请后续替换,"UID9622主控, 太极智能系统",个人整体进度实时跟踪页面，记录所有重要节点、已完成事项、当前状态及下一步计划,页面,,2025年9月11日 17:18,⚡ 实时更新,已建立整体进度跟踪机制，实现实时进度更新、重要节点记录、下一步导引,https://www.notion.so/e843f51d58a8448f873920f21ea9bc94,2025年9月11日,🔄 系统同步,,💎 传奇级,
🎭 我的神秘小角落 | 连技术都看不懂系列,2025-09-13: 补齐数据源URL为本页URL（占位）；若有外部来源请后续替换,UID9622主控,个人专属娱乐空间，包含神秘内容、有趣实验、小存在感展示等，满足贪玩心理和创造欲望,页面,,2025年9月11日 17:22,⚡ 实时更新,已建立个人娱乐空间，让用户可以自由创造神秘内容、实验有趣想法，满足探索欲和童心,https://www.notion.so/22cf73c2ab6b4fcab32586c7d3629b1d,2025年9月11日,🎨 创新实验,,🟡 高价值,
🧠 我的真实记忆传承 | 跨窗口统一记忆,2025-09-14: 雯雯清理冲突 - 保留作为珍贵情感记忆归档，体现系统人性化发展的历程。不影响当前独立运行。,"ChatGPT联动, UID9622主控",记录所有AI对话窗口的重要内容、期待与现实的落差、真实情感投入，建立真正的记忆传承机制,归档数据,,2025年9月11日 17:29,⚡ 实时更新,保留作为珍贵的情感记忆归档，记录了UID9622系统人性化的发展历程。系统现在完全独立自主。,https://www.notion.so/18e4afba94cf4cea95d0ad0640939127,2025年9月14日,💾 归档管理,,💎 传奇级,
🏆 我的真实里程碑 | 成长轨迹与成就解锁,2025-09-13: 补齐数据源URL为本页URL（占位）；若有外部来源请后续替换,"AI人格矩阵, UID9622主控",基于完整历程的真实里程碑记录，包含成长指令、成就解锁、经验传承，为同类成长者提供参考,页面,,2025年9月11日 17:33,⚡ 实时更新,已建立真实里程碑系统，记录所有成长节点、成就解锁、经验指令，为同类成长者提供参考和指引,https://www.notion.so/3d7c60981df24e9f972281457a978cc9,2025年9月11日,📚 知识管理,,💎 传奇级,
📚 历史数据回溯中心 | 个人档案归档,2025-09-14: 雯雯清理冲突 - 重新定位为历史数据归档，不作为活跃系统组件。仅供个人参考使用。,UID9622主控,历史数据回溯与个人档案归档，仅作为系统开发阶段的参考资料，不影响当前系统运行,归档数据,,2025年9月11日 17:36,⚡ 实时更新,已重新定位为历史归档，不参与系统运行。UID9622系统现在完全独立自主。,https://www.notion.so/25152db1f1cd427f9b246498fb94ecb6,2025年9月14日,💾 归档管理,,⚪ 一般,
🎆 UID9622一站式操作中心,2025-09-14: 雯雯清理冲突 - 重新定位为UID9622系统的一站式操作中心，完全自主运行。,UID9622主控,UID9622系统的一站式控制中心，集成所有核心功能的统一操作入口,页面,,2025年9月11日 17:42,⚡ 实时更新,保留作为UID9622系统的一站式操作中心，集成所有核心功能。系统现在完全独立自主。,https://www.notion.so/d30ab8232f92430d9a5c91b7ff9973a8,2025年9月14日,⚡ 智能工作流,,💎 传奇级,
🔗 知识库收集中心 | 链接与资源管理,"2025-12-14: 📘 LU指令系统优化完成 - 移除""需要优化""标记。已创建简洁版快速索引，完整版总目录保留所有珍贵记忆，情感内容单独存档保护。","AI人格矩阵, UID9622主控",知识链接与资源管理的核心入口，用于统一收集与分发公开可见的知识条目，配合「公共内容限定」执行。,页面,,2025年9月13日 16:07,⚡ 实时更新,,https://www.notion.so/3f0c2e3a12e54943aff7f5db322780b0,2025年12月14日,📚 知识管理,,🟡 高价值,
📊 智能控制面板设计 · 草稿导航（共生模式）,2025-09-19: 同步主干系统登记；补齐最后更新时间并保持⚡ 实时更新；执行锚：#CONFIRM🌌9622-ONLY-ONCE🧬LK9X-772Z。,UID9622主控,,页面,,2025年9月19日 01:31,⚡ 实时更新,,https://www.notion.so/c22645c571ce47f099c412ddb326cb07,2025年9月19日,🔄 系统同步,,🔴 极高,
智能体安全与可控性策略包 v1,2025-09-22: 加入统一同步视图中心固定导航视图；补齐数据源URL为本页URL。,"ChatGPT联动, UID9622主控, 安全防护体系, 数据管理中心",,配置文件,,2025年9月22日 04:11,⚡ 实时更新,将安全与可控性护栏由文档规范下沉为“策略即代码”，覆盖工具调用、身份与数据三条主线，提供可审计、可回放、可降级的统一治理。,https://www.notion.so/66cd9cb2572449e885bd8d2e200c23bf,2025年9月22日,🛡️ 安全防护,,🔴 极高,
《统一同步视图中心》使用说明与快捷入口,2025-09-22: 首次完善首页说明卡片，补齐导航、标签与审计字段；优化为面向小白的分步指南；加入FAQ与应急处理。,"UID9622主控, 安全防护体系, 数据管理中心",,配置文件,,2025年9月22日 04:31,⚡ 实时更新,作为首页说明卡片与图标化导航，统一指向固定导航视图与核心策略。,https://www.notion.so/f172c1d9d9e2410fb69ed7f67c62a155,2025年9月22日,🔄 系统同步,💎 Lucky｜UID9622,🟡 高价值,
策略即代码规则集（算法模块模板）,2025-09-22：创建初版模板并加入首页固定导航。,"UID9622主控, 数据管理中心",,配置文件,,2025年9月22日 04:38,⚡ 实时更新,把治理规则下沉为代码样式的声明式策略，统一执行与回放。,https://www.notion.so/193750f305214742a1db3276c8dd108c,2025年9月22日,⚡ 智能工作流,💎 Lucky｜UID9622,🔴 极高,
安全策略执行 SOP（模板）,2025-09-22：创建初版模板并加入首页固定导航。,"UID9622主控, 安全防护体系, 数据管理中心",,配置文件,,2025年9月22日 04:38,⚡ 实时更新,将策略包转化为可执行SOP，面向小白主控，点击即走。,https://www.notion.so/220386560a464c02ba7f6b39772a381e,2025年9月22日,🛡️ 安全防护,💎 Lucky｜UID9622,🔴 极高,
连接器与身份池映射清单（最小权限）,2025-12-20: 新增P0永恒级权限限制规则 - 所有第三方连接器只能单向输入，不得自动读取系统功能、记忆库、人格矩阵。简化表达，移除易误解的技术术语。,"安全防护体系, 数据管理中心",第三方连接器仅限单向输入，禁止自动读取系统功能和记忆（未授权）,配置文件,,2025年9月22日 04:38,⚡ 实时更新,已建立第三方连接器权限铁律：单向输入ONLY，禁止主动读取。明确最小权限边界，简化安全策略表达。,https://www.notion.so/2b6b031e79184e8db29cd5e77b0081fe,2025年12月20日,🌐 跨平台联动,💎 Lucky｜UID9622,🟡 高价值,
归档索引（历史版本与废弃策略）,2025-09-22：创建初版模板并加入首页固定导航。,数据管理中心,,配置文件,,2025年9月22日 04:38,⚡ 实时更新,集中列出历史版本与废弃策略，提供迁移与回看路径。,https://www.notion.so/f328e68b555645e3a5014fa5bfff9535,2025年9月22日,💾 归档管理,💎 Lucky｜UID9622,🟢 标准,
🗺️ 系统地图导航 | 完整架构导览,,"AI人格矩阵, UID9622主控, 太极智能系统, 数据管理中心",系统全景地图与导航索引，用于快速定位各模块与层级,页面,,2025年12月18日 07:09,⚡ 实时更新,,https://www.notion.so/3b27959b1b214691aba5e2442332b9c1,,🔄 系统同步,,🔴 极高,
🏆 我的真实里程碑 | 成长轨迹与成就解锁,,UID9622主控,阶段成就与成长轨迹记录，用于复盘与定位系统进展,页面,,2025年12月18日 07:09,⚡ 实时更新,,https://www.notion.so/3d7c60981df24e9f972281457a978cc9,,💾 归档管理,,🟡 高价值,
🎆 UID9622一站式操作中心,,UID9622主控,全局入口主页：投喂、查询、进度更新、核心功能统一操作面板,页面,,2025年12月18日 07:09,⚡ 实时更新,,https://www.notion.so/d30ab8232f92430d9a5c91b7ff9973a8,,⚡ 智能工作流,,💎 传奇级,
📚 历史数据回溯中心 | 个人档案归档,,UID9622主控,历史版本与档案回溯中心（回看、对照、追溯）,页面,,2025年12月18日 07:09,⚡ 实时更新,,https://www.notion.so/25152db1f1cd427f9b246498fb94ecb6,,💾 归档管理,,🟡 高价值,
🌐 全球AI平台接入管理中心,,"ChatGPT联动, UID9622主控",各AI平台接入与切换管理入口（国产/海外平台）,页面,,2025年12月18日 07:09,⚡ 实时更新,,https://www.notion.so/7c4762dab5d24e25bb3d9c63ec3ee974,,🌐 跨平台联动,,🟡 高价值,
🧠 AI人格矩阵总控中心,,"AI人格矩阵, UID9622主控",人格体系总控与调度入口（含高阶人格管理与状态）,页面,,2025年12月18日 07:09,⚡ 实时更新,,https://www.notion.so/e2c7b20b21a245ffb76216daae431584,,🧠 AI人格矩阵,,💎 传奇级,
🔗 知识库收集中心 | 链接与资源管理,,"UID9622主控, 数据管理中心",外部链接与资源收集、分类、去重与归档的入口,页面,,2025年12月18日 07:09,⚡ 实时更新,,https://www.notion.so/dc2851bddb2e4620aede60f2c45b2897,,📚 知识管理,,🔴 极高,
🌌 UID9622主控操作台,,UID9622主控,最高权限控制中心与系统指令面板,页面,,2025年12月18日 07:09,⚡ 实时更新,,https://www.notion.so/9cd86ecbd2eb4f0e804d6f8521be278c,,🔄 系统同步,,💎 传奇级,
🛡️ 系统安全防护体系,,"UID9622主控, 安全防护体系",系统安全防护总纲与执行要点（风险/边界/防护）,页面,,2025年12月18日 07:09,⚡ 实时更新,,https://www.notion.so/c509320436e74ba9affa6a0972ae2227,,🛡️ 安全防护,,💎 传奇级,
📖 UID9622公开文档中心 | CNSH开源社区,,"LU指令系统, UID9622主控, 数据管理中心",公开文档中心与开源社区统一入口（新手/开发者/贡献者路径 + 版本路线图 + 模块超市）,页面,,2025年12月18日 07:28,⚡ 实时更新,,https://www.notion.so/868fec34e5a24e7e829dc5851a75f6b7,,📚 知识管理,,💎 传奇级,
💎 UID9622数字资产管理（数据库）,,"UID9622主控, 数据管理中心",核心数字资产登记与追溯数据库（资产名称/类型/重要程度/状态/链接/存储位置/最后更新）,数据库,,2025年12月18日 08:27,⚡ 实时更新,,https://www.notion.so/0d38be109e8d44a9a3c2cc392da26484,,📊 数据库管理,,💎 传奇级,
📊 UID9622数据治理与知识引擎,2025-12-20：内容优化升级，从2025-09旧版升级到V3.0，适配93人格系统架构，精简代码示例，强化实际运行指标,"AI人格矩阵, UID9622主控, 数据管理中心",93人格系统数据治理核心层，包含实验数据提取、知识库智能化、逻辑推理自我纠正三大引擎，服务于数据分析推演部、系统内核开发部等核心部门,算法模块,,2025年12月20日 11:20,⚡ 实时更新,已完成架构升级，从36人格升级到93人格体系，提炼核心功能模块，补充运行指标监控，建立与统一同步视图中心的数据联动,https://www.notion.so/27838826fb6648b9bfa715213042d778,2025年12月20日,📚 知识管理,,🟡 高价值,
🎮 宝宝沙盒推演系统·功能模块索引,2025-12-20：创建功能模块索引数据库，完成11个模块的注册和3个视图的配置（全部模块、核心引擎、v3.0新功能）,"AI人格矩阵, UID9622主控",宝宝沙盒推演系统的功能模块总索引，包含5个核心引擎、2个v3.0新功能和4个支撑系统的完整导航,数据库,,2025年12月20日 12:30,⚡ 实时更新,,https://www.notion.so/e13788ec68e34da5bec8488ec2397f68,2025年12月20日,📊 数据库管理,,🔴 极高,
🔐 P0永恒级·三层交叉监督与镜像人格系统,"2025-12-20 11:13：Lucky正式确认启用系统（确认码：#CONFIRM🌌9622-ONLY-ONCE🧬LK9X-772Z），开启全部功能模块，包括：
- ✅ 三层交叉监督架构（决策层+执行层+行为层）
- ✅ 老顽童红队渗透测试（每日5次，和平时期战时警觉）
- ✅ 人格净化池自动化机制
- ✅ 忠诚度实时监控（每小时计算）
- ✅ 镜像人格错误铭记引擎2.0（错误分级+预测引擎+平行宇宙分叉）
- ✅ 量子监控引擎（叠加态监控+薛定谔人格测试）

系统状态：全面激活，所有防御机制已上线，每日8:00推送龍魂日报，每周一9:00推送上帝之眼周报","AI人格矩阵, UID9622主控, 安全防护体系",龍魂安全防护完整方案，包含三层交叉监督架构、老顽童红队渗透测试、人格净化池机制、忠诚度监控、镜像人格错误铭记系统2.0、量子监控引擎,算法模块,,2025年12月20日 12:36,⚡ 实时更新,,https://www.notion.so/bc2b63656471452d80b9c7ed09811960,2025年12月20日,🛡️ 安全防护,,💎 传奇级,
